<?xml version="1.0" encoding="UTF-8" standalone="yes"?>
<addon id="repository.koditek" name="KodiTek Repository" version="0.0.1" provider-name="SubTek">
    <extension point="xbmc.addon.repository" name="KodiTek Repository">
        <dir>
            <info compressed="false">https://raw.githubusercontent.com/SubTek/koditek/master/repo/zips/addons.xml</info>
            <checksum>https://raw.githubusercontent.com/SubTek/koditek/master/repo/zips/addons.xml.md5</checksum>
            <datadir zip="true">https://raw.githubusercontent.com/SubTek/koditek/master/repo/zips/</datadir>
        </dir>
    </extension>
    <extension point="xbmc.addon.metadata">
        <summary>KodiTek Repository</summary>
        <description>Totally awesome Kodi repo</description>
        <disclaimer></disclaimer>
        <platform>all</platform>
        <assets>
            <icon>icon.png</icon>
            <fanart>fanart.jpg</fanart>
        </assets>
    </extension>
</addon>