{
    "Trakt And Debrid Account Manager": {
        "icon": "",
        "items": [
            {
                "name": "Authenticate Real Debrid",
                "url": "RunScript(script.module.accountmgr, action=realdebridAuth)"
            },
            {
                "name": "Authenticate Premiumize",
                "url": "RunScript(script.module.accountmgr, action=premiumizeAuth)"
            },
            {
                "name": "Authenticate All Debrid",
                "url": "RunScript(script.module.accountmgr, action=alldebridAuth)"
            },
            {
                "name": "Authenticate TRAKT",
                "url": "RunScript(script.module.accountmgr, action=traktAuth)"
            },
            {
                "name": "Re-Sync Debrid Accounts",
                "url": "RunScript(script.module.accountmgr, action=ReSyncAll)"
            },
            {
                "name": "Re-Sync TRAKT Accounts",
                "url": "RunScript(script.module.accountmgr, action=traktReSync)"
            },
            {
                "name": "View Real Debrid logins",
                "url": "ActivateWindow(10001,plugin://script.module.acctview/?mode=realdebrid,return)"
            },
            {
                "name": "View Premiumize logins",
                "url": "ActivateWindow(10001,plugin://script.module.acctview/?mode=premiumize,return)"
            },
            {
                "name": "View All-Debrid Logins",
                "url": "ActivateWindow(10001,plugin://script.module.acctview/?mode=alldebrid,return)"
            },
            {
                "name": "View Trakt Logins",
                "url": "ActivateWindow(10001,plugin://script.module.acctview/?mode=trakt,return)"
            },
            {
                "name": "Open Account Manager",
                "url": "addon.opensettings(script.module.accountmgr)"
            },
            {
                "name": "Fix/Restore Broken Authorizations",
                "url": "PlayMedia(plugin://script.module.acctview/?mode=wipeclean&name=all)"
            }			
        ]
    }
}