<?xml version="1.0" encoding="UTF-8" standalone="yes"?>
<addon id="plugin.program.koditek" name="[B]KodiTek Wizard[/B]" version="0.0.1" provider-name="subtek">
	<requires>
		<import addon="xbmc.python" version="3.0.1"/>
		<import addon="repository.xbmc.org" />		
		<import addon="script.module.accountmgr" />
		<import addon="script.module.acctview" />
		<import addon="script.module.requests" />
	</requires>
	<extension point="xbmc.python.pluginsource" library="addon.py">
		<provides>executable</provides>
	</extension>
	<extension point="xbmc.service" library="service.py" />
	<extension point="xbmc.addon.metadata">
		<summary lang="en_GB">KodiTek is a lightweight Wizard for backup, builds, and tweaks.</summary>
		<description lang="en_GB">KodiTek Wizard</description>
		<disclaimer lang="en_GB">This Addon contains no content</disclaimer>
		<language>en</language>
		<platform>all</platform>
		<license>GPL-2.0-or-later</license>
		<forum></forum>
		<website></website> 
		<email></email>
		<source></source>
		<news>
0.0.1 - Initial Release
		</news>
		<assets>
				<icon>resources/icon.png</icon>
				<fanart>resources/fanart.jpg</fanart>
				<banner></banner>
				<clearlogo></clearlogo>
				<screenshot></screenshot>
		</assets>
	</extension>
</addon>